Workbook

Sheet UTM Legend
A1: Witness Marketing — UTM Naming Convention
A2: Blue cells = edit/fill in. Black = fixed convention. Copy a row's formula in B when building a new link.
A4: Parameter | B4: Purpose | C4: Allowed values (Phase 1) | D4: Example
A5: utm_source | B5: Where the click came from | C5: reddit | facebook | tiktok | producthunt | podcast-<slug> | society-tier1 | society-tier2 | society-tier3 | email | mackiev | D5: society-tier2
A6: utm_medium | B6: Type of channel | C6: social | community | video | referral | email | outreach | pr | D6: outreach
A7: utm_campaign | B7: Which phase/push this belongs to | C7: witness-phase1 | D7: witness-phase1
A8: utm_content | B8: Specific post/email/video, for A/B comparison | C8: free text slug, e.g. week2-post1, clip-storyreveal-1, olde-meck-followup | D8: olde-meck-followup
A10: Two tracking tracks — read this first
A11: WEB APP (app.witnesslives.com): standard UTM tracking works end-to-end — click, sign-up, and Stripe/RevenueCat Web Billing conversion all happen in-browser. Use full UTM URLs for every web-funnel link.
A12: iOS APP STORE: UTM parameters do NOT survive the jump into the App Store app, so a plain UTM link only tells you the click happened, not the resulting trial/conversion. Use Apple's App Store Connect Custom Product Pages instead — each gets its own trackable URL, and App Analytics reports downloads per link, natively and for free.
A13: Practical rule: for any post/pitch driving to the App Store, create (or reuse) a Custom Product Page per channel (e.g. one for Reddit, one for podcasts) and use that page's unique URL as the link. Log the page name in the 'App Store Funnel Tracker' tab.
A14: Example web link format: https://app.witnesslives.com/?utm_source=reddit&utm_medium=social&utm_campaign=witness-phase1&utm_content=week2-post1

Sheet Web Funnel Tracker
A1: Web App Funnel (app.witnesslives.com) — fill blue cells weekly
A3: Week Of | B3: Source | C3: Medium | D3: Campaign | E3: Content | F3: Full UTM Link | G3: Visits | H3: Trial Starts | I3: Paid Conversions | J3: Visit→Trial % | K3: Trial→Paid %
A4: 2026-09-14 | B4: reddit | C4: social | D4: witness-phase1 | E4: week2-post1 | F4: https://app.witnesslives.com/?utm_source=reddit&utm_medium=social&utm_campaign=witness-phase1&utm_content=week2-post1 | G4: 240 | H4: 18 | I4: 6 | J4: =IFERROR(H4/G4,0) -> 0.075 | K4: =IFERROR(I4/H4,0) -> 0.33333333
J5: =IFERROR(H5/G5,0) -> 0 | K5: =IFERROR(I5/H5,0) -> 0
J6: =IFERROR(H6/G6,0) -> 0 | K6: =IFERROR(I6/H6,0) -> 0
J7: =IFERROR(H7/G7,0) -> 0 | K7: =IFERROR(I7/H7,0) -> 0
J8: =IFERROR(H8/G8,0) -> 0 | K8: =IFERROR(I8/H8,0) -> 0
J9: =IFERROR(H9/G9,0) -> 0 | K9: =IFERROR(I9/H9,0) -> 0
J10: =IFERROR(H10/G10,0) -> 0 | K10: =IFERROR(I10/H10,0) -> 0
J11: =IFERROR(H11/G11,0) -> 0 | K11: =IFERROR(I11/H11,0) -> 0
J12: =IFERROR(H12/G12,0) -> 0 | K12: =IFERROR(I12/H12,0) -> 0
J13: =IFERROR(H13/G13,0) -> 0 | K13: =IFERROR(I13/H13,0) -> 0
J14: =IFERROR(H14/G14,0) -> 0 | K14: =IFERROR(I14/H14,0) -> 0
J15: =IFERROR(H15/G15,0) -> 0 | K15: =IFERROR(I15/H15,0) -> 0
J16: =IFERROR(H16/G16,0) -> 0 | K16: =IFERROR(I16/H16,0) -> 0
... J19: =IFERROR(H19/G19,0) -> 0 | K19: =IFERROR(I19/H19,0) -> 0
B20: TOTAL | G20: =SUM(G4:G19) -> 240 | H20: =SUM(H4:H19) -> 18 | I20: =SUM(I4:I19) -> 6 | J20: =IFERROR(H20/G20,0) -> 0.075 | K20: =IFERROR(I20/H20,0) -> 0.33333333

Sheet App Store Funnel Tracker
A1: App Store Funnel — one row per Custom Product Page / channel
A3: Week Of | B3: Source | C3: Custom Product Page Name | D3: Product Page URL | E3: Impressions | F3: Downloads (App Analytics) | G3: Trial Starts (RevenueCat) | H3: Paid Conversions (RevenueCat)
A4: 2026-09-14 | B4: podcast-genealogyshow | C4: Podcast-Genealogy | D4: https://apps.apple.com/app/idXXXXXXX?ppid=podcast-genealogy | E4: 500 | F4: 40 | G4: 28 | H4: 9
B20: TOTAL | E20: =SUM(E4:E19) -> 500 | F20: =SUM(F4:F19) -> 40 | G20: =SUM(G4:G19) -> 28 | H20: =SUM(H4:H19) -> 9
A22: Note: Custom Product Pages are set up in App Store Connect (free, native). Impressions/downloads come from App Analytics; match Trial Starts/Conversions from RevenueCat by date range since Apple doesn't pass UTM-level attribution automatically.

Sheet Goal Tracker
A1: Progress to 100 Paid Subscribers (Witness) by Dec 31, 2026
A3: Week Of | B3: New Paid (Web) | C3: New Paid (App Store) | D3: Cumulative Paid | E3: % to Goal (100)
A4: 2026-09-14 | B4: ='Web Funnel Tracker'!I4 -> 6 | C4: ='App Store Funnel Tracker'!H4 -> 9 | D4: =SUM(B4:C4) -> 15 | E4: =D4/100 -> 0.15
B5: ='Web Funnel Tracker'!I5 -> 0 | C5: ='App Store Funnel Tracker'!H5 -> 0 | D5: =SUM(B5:C5)+D4 -> 15 | E5: =D5/100 -> 0.15
B6: ='Web Funnel Tracker'!I6 -> 0 | C6: ='App Store Funnel Tracker'!H6 -> 0 | D6: =SUM(B6:C6)+D5 -> 15 | E6: =D6/100 -> 0.15
B7: ='Web Funnel Tracker'!I7 -> 0 | C7: ='App Store Funnel Tracker'!H7 -> 0 | D7: =SUM(B7:C7)+D6 -> 15 | E7: =D7/100 -> 0.15
B8: ='Web Funnel Tracker'!I8 -> 0 | C8: ='App Store Funnel Tracker'!H8 -> 0 | D8: =SUM(B8:C8)+D7 -> 15 | E8: =D8/100 -> 0.15
B9: ='Web Funnel Tracker'!I9 -> 0 | C9: ='App Store Funnel Tracker'!H9 -> 0 | D9: =SUM(B9:C9)+D8 -> 15 | E9: =D9/100 -> 0.15
B10: ='Web Funnel Tracker'!I10 -> 0 | C10: ='App Store Funnel Tracker'!H10 -> 0 | D10: =SUM(B10:C10)+D9 -> 15 | E10: =D10/100 -> 0.15
B11: ='Web Funnel Tracker'!I11 -> 0 | C11: ='App Store Funnel Tracker'!H11 -> 0 | D11: =SUM(B11:C11)+D10 -> 15 | E11: =D11/100 -> 0.15
B12: ='Web Funnel Tracker'!I12 -> 0 | C12: ='App Store Funnel Tracker'!H12 -> 0 | D12: =SUM(B12:C12)+D11 -> 15 | E12: =D12/100 -> 0.15
B13: ='Web Funnel Tracker'!I13 -> 0 | C13: ='App Store Funnel Tracker'!H13 -> 0 | D13: =SUM(B13:C13)+D12 -> 15 | E13: =D13/100 -> 0.15
B14: ='Web Funnel Tracker'!I14 -> 0 | C14: ='App Store Funnel Tracker'!H14 -> 0 | D14: =SUM(B14:C14)+D13 -> 15 | E14: =D14/100 -> 0.15
B15: ='Web Funnel Tracker'!I15 -> 0 | C15: ='App Store Funnel Tracker'!H15 -> 0 | D15: =SUM(B15:C15)+D14 -> 15 | E15: =D15/100 -> 0.15
B16: ='Web Funnel Tracker'!I16 -> 0 | C16: ='App Store Funnel Tracker'!H16 -> 0 | D16: =SUM(B16:C16)+D15 -> 15 | E16: =D16/100 -> 0.15
... B19: ='Web Funnel Tracker'!I19 -> 0 | C19: ='App Store Funnel Tracker'!H19 -> 0 | D19: =SUM(B19:C19)+D18 -> 15 | E19: =D19/100 -> 0.15
